V1,V2,V3,V4,V5,V6,V7,V8,V9,V10,Q_TotalDuration,First Context,Enter Embedded Data Field Name Here...,random,Q1.1,Q2.1,Q3.1,Q3.2,Q3.3,Q3.4,Q3.5,Q3.6,Q3.7,Q3.8,Q3.9_1,Q3.9_2,Q3.9_3,Q3.9_4,Q3.9_4_TEXT,Q4.1,Q4.2,Q4.3,Q4.4,Q4.5,Q4.6,Q4.7,Q4.8,Q4.9_1,Q4.9_2,Q4.9_3,Q4.9_4,Q4.9_4_TEXT,Q5.1,Q5.2,Q5.3,Q5.4,Q5.5,Q5.6,Q5.7,Q5.8,Q5.9_1,Q5.9_2,Q5.9_3,Q5.9_4,Q5.9_4_TEXT,Q6.1,Q6.2,Q6.3,Q6.4,Q6.5,Q6.6,Q6.7,Q6.8,Q6.9_1,Q6.9_2,Q6.9_3,Q6.9_4,Q6.9_4_TEXT,Q7.1,Q8.1,Q8.2,Q8.3,Q8.4,Q8.5,Q8.6,Q8.7,Q8.8,Q8.9_1,Q8.9_2,Q8.9_3,Q8.9_4,Q8.9_4_TEXT,Q9.1,Q9.2,Q9.3,Q9.4,Q9.5,Q9.6,Q9.7,Q9.8,Q9.9_1,Q9.9_2,Q9.9_3,Q9.9_4,Q9.9_4_TEXT,Q10.1,Q10.2,Q10.3,Q10.4,Q10.5,Q10.6,Q10.7,Q10.8,Q10.9_1,Q10.9_2,Q10.9_3,Q10.9_4,Q10.9_4_TEXT,Q11.1,Q11.2,Q11.3,Q11.4,Q11.5,Q11.6,Q11.7,Q11.8,Q11.9_1,Q11.9_2,Q11.9_3,Q11.9_4,Q11.9_4_TEXT,Q12.1,Q13.1,Q13.2,Q13.3_1,Q13.3_2,Q13.3_3,Q13.3_4,Q13.3_5,Q13.3_6,Q13.3_7,Q13.4,Q13.5,Q13.6,Q14.1,Q14.2,Q14.3,LocationLatitude,LocationLongitude,LocationAccuracy,
ResponseID,ResponseSet,Name,ExternalDataReference,EmailAddress,IPAddress,Status,StartDate,EndDate,Finished,Q_TotalDuration,First Context,Enter Embedded Data Field Name Here...,random,This study is looking at the role that decisions made by computers play in different contexts of...,"Assume for the sake of this study, that you see the following comment in your Twitter feed and it...",The comment has been flagged by an algorithm.,How fair do you find this moderation flag?,How accurately do you think the algorithm made this decision?,How satisfied are you with the transparency of this decision?,The comment has been flagged by an algorithm.,How useful do you find this explanation?,How clear do you find this explanation?,How meaningful do you find this explanation?,What information would make you more satisfied with the decision explanation?-Examples of other levels of decision output,What information would make you more satisfied with the decision explanation?-Relative importance of the characteristics that led to the decision,What information would make you more satisfied with the decision explanation?-Detailed description of how the algorithm works,What information would make you more satisfied with the decision explanation?-Other (please specify),What information would make you more satisfied with the decision explanation?-Other (please specify)-TEXT,The comment was flagged by an algorithm because it was deemed offensive against women.,How fair do you find this moderation flag?,How accurately do you think the algorithm made this decision?,How satisfied are you with the transparency of this decision?,The comment was flagged by an algorithm because it was deemed offensive against women.,How useful do you find this explanation?,How clear do you find this explanation?,How meaningful do you find this explanation?,What information would make you more satisfied with the decision explanation?-Examples of other levels of decision output,What information would make you more satisfied with the decision explanation?-Relative importance of the characteristics that led to the decision,What information would make you more satisfied with the decision explanation?-Detailed description of how the algorithm works,What information would make you more satisfied with the decision explanation?-Other (please specify),What information would make you more satisfied with the decision explanation?-Other (please specify)-TEXT,The comment has been flagged by an algorithm because it was similar to other comments flagged by...,How fair do you find this moderation flag?,How accurately do you think the algorithm made this decision?,How satisfied are you with the transparency of this decision?,The comment has been flagged by an algorithm because it was similar to other comments flagged by...,How useful do you find this explanation?,How clear do you find this explanation?,How meaningful do you find this explanation?,What information would make you more satisfied with the decision explanation?-Examples of other levels of decision output,What information would make you more satisfied with the decision explanation?-Relative importance of the characteristics that led to the decision,What information would make you more satisfied with the decision explanation?-Detailed description of how the algorithm works,What information would make you more satisfied with the decision explanation?-Other (please specify),What information would make you more satisfied with the decision explanation?-Other (please specify)-TEXT,The comment was flagged by an algorithm based on the strength of the factors shown below.,How fair do you find this moderation flag?,How accurately do you think the algorithm made this decision?,How satisfied are you with the transparency of this decision?,The comment was flagged by an algorithm based on the strength of the factors shown below.,How useful do you find this explanation?,How clear do you find this explanation?,How meaningful do you find this explanation?,What information would make you more satisfied with the decision explanation?-Examples of other levels of decision output,What information would make you more satisfied with the decision explanation?-Relative importance of the characteristics that led to the decision,What information would make you more satisfied with the decision explanation?-Detailed description of how the algorithm works,What information would make you more satisfied with the decision explanation?-Other (please specify),What information would make you more satisfied with the decision explanation?-Other (please specify)-TEXT,"For the purposes of this study, please consider yourself to be a criminal defense attorney. Your...",The defendant is assessed as high risk by the algorithm.,How fair do you find this risk assessment?,How accurately do you think the algorithm made this decision?,How satisfied are you with the transparency of this decision?,The defendant is assessed as high risk by the algorithm.,How useful do you find this explanation?,How clear do you find this explanation?,How meaningful do you find this explanation?,What information would make you more satisfied with the decision explanation?-Examples of other levels of decision output,What information would make you more satisfied with the decision explanation?-Relative importance of the characteristics that led to the decision,What information would make you more satisfied with the decision explanation?-Detailed description of how the algorithm works,What information would make you more satisfied with the decision explanation?-Other (please specify),What information would make you more satisfied with the decision explanation?-Other (please specify)-TEXT,The defendant is deemed to be at high risk of committing another crime by the risk assessment alg...,How fair do you find this risk assessment?,How accurately do you think the algorithm made this decision?,How satisfied are you with the transparency of this decision?,The defendant is deemed to be at high risk of committing another crime by the risk assessment alg...,How useful do you find this explanation?,How clear do you find this explanation?,How meaningful do you find this explanation?,What information would make you more satisfied with the decision explanation?-Examples of other levels of decision output,What information would make you more satisfied with the decision explanation?-Relative importance of the characteristics that led to the decision,What information would make you more satisfied with the decision explanation?-Detailed description of how the algorithm works,What information would make you more satisfied with the decision explanation?-Other (please specify),What information would make you more satisfied with the decision explanation?-Other (please specify)-TEXT,The defendant is deemed to be at high risk of committing another crime by the risk assessment alg...,How fair do you find this risk assessment?,How accurately do you think the algorithm made this decision?,How satisfied are you with the transparency of this decision?,The defendant is deemed to be at high risk of committing another crime by the risk assessment alg...,How useful do you find this explanation?,How clear do you find this explanation?,How meaningful do you find this explanation?,What information would make you more satisfied with the decision explanation?-Examples of other levels of decision output,What information would make you more satisfied with the decision explanation?-Relative importance of the characteristics that led to the decision,What information would make you more satisfied with the decision explanation?-Detailed description of how the algorithm works,What information would make you more satisfied with the decision explanation?-Other (please specify),What information would make you more satisfied with the decision explanation?-Other (please specify)-TEXT,The defendant was assessed as high risk of committing another crime by the algorithm based on the...,How fair do you find this risk assessment?,How accurately do you think the algorithm made this decision?,How satisfied are you with the transparency of this decision?,The defendant was assessed as high risk of committing another crime by the algorithm based on the...,How useful do you find this explanation?,How clear do you find this explanation?,How meaningful do you find this explanation?,What information would make you more satisfied with the decision explanation?-Examples of other levels of decision output,What information would make you more satisfied with the decision explanation?-Relative importance of the characteristics that led to the decision,What information would make you more satisfied with the decision explanation?-Detailed description of how the algorithm works,What information would make you more satisfied with the decision explanation?-Other (please specify),What information would make you more satisfied with the decision explanation?-Other (please specify)-TEXT,Thank you for completing the first portion of the study. Now please consider another context of d...,Please tell us a little about yourself.,How old are you?,What racial or ethnic categories describe you?-White,What racial or ethnic categories describe you?-Black or African American,What racial or ethnic categories describe you?-American Indian or Alaska Native,What racial or ethnic categories describe you?-Asian,What racial or ethnic categories describe you?-Native Hawaiian or Pacific Islander,What racial or ethnic categories describe you?-Hispanic,What racial or ethnic categories describe you?-Other,What gender category best describes you?,How often do you use social media?,What was the highest level of education you completed?,Thank you for your participation! Please take note of the following code and return to Mechanical...,"Before you go, do you have any feedback on our study that you would like to share with us?","After noting your survey code, please advance to the last page to finish the survey.",LocationLatitude,LocationLongitude,LocationAccuracy,
R_2B8rIn5VfR3S0JE,Default Response Set,Anonymous,,,99.108.152.126,0,2017-07-12 16:15:08,2017-07-12 16:16:32,1,84,Recidivism,,370088,1,1,,,,,,,,,,,,,,1,2,2,1,1,2,1,3,,,1,,,,,,,,,,,,,,,,,,,,,,,,,,,,,1,1,3,2,2,1,2,1,3,,1,1,,,,,,,,,,,,,,,,,,,,,,,,,,,,,,,,,,,,,,,,,,1,1,2,,1,,,,,,1,2,13,1,,1,33.609298706055,-84.061401367188,-1,
R_6svjO0puxrg1vRD,Default Response Set,Anonymous,,,85.247.0.84,0,2017-07-12 16:15:53,2017-07-12 16:17:36,1,102,Twitter,,988331,1,1,1,4,4,2,1,3,3,3,1,1,,,,,,,,,,,,,,,,,,,,,,,,,,,,,,,,,,,,,,,,,,,1,,,,,,,,,,,,,,,,,,,,,,,,,,,,,,,,,,,,,,,,1,2,4,4,1,2,1,2,1,1,1,,,1,1,3,1,,,,,,,1,1,13,1,,1,32.63330078125,-16.899993896484,-1,
R_28ND6qhUp55tNl2,Default Response Set,Anonymous,,,47.54.19.46,0,2017-07-12 16:15:38,2017-07-12 16:17:40,1,121,Twitter,,664111,1,1,,,,,,,,,,,,,,,,,,,,,,,,,,,1,3,2,2,1,2,1,3,1,,,,,,,,,,,,,,,,,,1,1,5,2,2,1,2,1,3,,1,1,,,,,,,,,,,,,,,,,,,,,,,,,,,,,,,,,,,,,,,,,,1,1,2,1,,,,,,,1,1,13,1,,1,45.271697998047,-66.058403015137,-1,
R_TuTOiyDrVljLiSt,Default Response Set,Anonymous,,,99.135.146.190,0,2017-07-12 16:16:05,2017-07-12 16:19:41,1,215,Recidivism,,702590,1,1,,,,,,,,,,,,,,,,,,,,,,,,,,,,,,,,,,,,,,,,1,4,2,2,1,4,2,4,,,1,,,1,,,,,,,,,,,,,,,,,,,,,,,,,,,1,3,3,4,1,3,2,4,,,1,,,,,,,,,,,,,,,,1,1,3,1,,,,,,,1,5,12,1,Nope.,1,41.979202270508,-88.089500427246,-1,
R_1GV0BBrUoccmCYb,Default Response Set,Anonymous,,,108.185.80.112,0,2017-07-12 16:16:27,2017-07-12 16:21:11,1,284,Twitter,,574358,1,1,,,,,,,,,,,,,,1,5,1,1,1,1,1,5,1,1,1,,,,,,,,,,,,,,,,,,,,,,,,,,,,,1,1,1,5,5,1,5,5,5,1,1,1,,,,,,,,,,,,,,,,,,,,,,,,,,,,,,,,,,,,,,,,,,1,1,4,,,,1,,,,1,1,15,1,,1,33.941497802734,-118.13069915771,-1,
R_2EaxBz9APhpTym4,Default Response Set,Anonymous,,,68.100.174.128,0,2017-07-12 16:23:05,2017-07-12 16:24:35,1,89,Recidivism,,783826,1,1,1,5,1,1,1,1,1,1,1,,,,,,,,,,,,,,,,,,,,,,,,,,,,,,,,,,,,,,,,,,,,1,,,,,,,,,,,,,,,,,,,,,,,,,,,1,5,1,1,1,1,1,1,,,1,,,,,,,,,,,,,,,,1,1,3,,,,1,,,,1,1,15,1,,1,38.820907592773,-77.289100646973,-1,
R_3s4j6BvX1dfAWg3,Default Response Set,Anonymous,,,63.143.230.89,0,2017-07-12 16:23:33,2017-07-12 16:26:02,1,149,Twitter,,593446,1,1,,,,,,,,,,,,,,,,,,,,,,,,,,,,,,,,,,,,,,,,1,4,4,2,1,3,4,2,,1,,,,1,,,,,,,,,,,,,,1,2,3,3,1,3,2,4,,,1,,,,,,,,,,,,,,,,,,,,,,,,,,,,,1,1,2,1,,,,,1,,2,1,13,1,,1,40.739105224609,-74.19450378418,-1,
R_1jBpJrFNipbbjZT,Default Response Set,Anonymous,,,97.93.212.245,0,2017-07-12 16:31:15,2017-07-12 16:33:33,1,138,Twitter,,849333,1,1,,,,,,,,,,,,,,1,3,3,2,1,2,2,3,1,,,,,,,,,,,,,,,,,,,,,,,,,,,,,,,1,,,,,,,,,,,,,,,,,,,,,,,,,,,,,,,,,,,,,,,,1,2,3,2,1,2,2,3,,1,,,,1,1,2,1,,,,,,,1,2,13,1,,1,32.754592895508,-97.78759765625,-1,
R_2tneYexICgKQe0K,Default Response Set,Anonymous,,,76.107.106.143,0,2017-07-12 17:15:32,2017-07-12 17:18:01,1,148,Recidivism,,124459,1,1,,,,,,,,,,,,,,1,4,2,2,1,1,1,2,,,1,,,,,,,,,,,,,,,,,,,,,,,,,,,,,1,1,3,3,2,1,3,2,2,,,1,,,,,,,,,,,,,,,,,,,,,,,,,,,,,,,,,,,,,,,,,,1,1,6,1,,,,,,,1,1,13,1,fair pay,1,32.239807128906,-90.266098022461,-1,
R_4IvKeSv48XuDzHj,Default Response Set,Anonymous,,,73.126.19.239,0,2017-07-13 08:05:41,2017-07-13 08:07:13,1,92,Twitter,,721920,1,1,,,,,,,,,,,,,,,,,,,,,,,,,,,1,3,2,3,1,4,3,4,1,1,,,,,,,,,,,,,,,,,1,,,,,,,,,,,,,,,,,,,,,,,,,,,1,2,3,4,1,4,3,4,1,1,1,,,,,,,,,,,,,,,,1,1,3,1,,,,,,,1,2,15,1,,1,42.750503540039,-71.009300231934,-1,
R_vkq6wItxSskj5FD,Default Response Set,Anonymous,,,174.140.64.232,0,2017-07-13 08:05:23,2017-07-13 08:07:50,1,147,Twitter,,641969,1,1,,,,,,,,,,,,,,,,,,,,,,,,,,,,,,,,,,,,,,,,1,5,1,1,1,1,1,1,1,,,,,1,,,,,,,,,,,,,,1,5,1,1,1,5,3,5,,,1,,,,,,,,,,,,,,,,,,,,,,,,,,,,,1,1,6,1,,,,,,,1,5,12,1,,1,39.893707275391,-79.749198913574,-1,
R_2s5XOiEW79Gjcnf,Default Response Set,Anonymous,,,73.178.168.46,0,2017-07-13 08:06:15,2017-07-13 08:08:07,1,111,Recidivism,,276175,1,1,,,,,,,,,,,,,,,,,,,,,,,,,,,,,,,,,,,,,,,,1,3,3,2,1,3,2,3,1,,1,,,1,,,,,,,,,,,,,,,,,,,,,,,,,,,,,,,,,,,,,,,,1,3,3,3,1,3,2,3,,,1,,,1,1,3,1,,,,,,,1,1,13,1,,1,40.08039855957,-74.458099365234,-1,
R_2uEulKXFikeDPEU,Default Response Set,Anonymous,,,174.63.83.0,0,2017-07-13 08:06:07,2017-07-13 08:08:19,1,132,Twitter,,688808,1,1,1,5,1,2,1,2,3,4,,1,,,,,,,,,,,,,,,,,,,,,,,,,,,,,,,,,,,,,,,,,,,1,,,,,,,,,,,,,,,,,,,,,,,,,,,,,,,,,,,,,,,,1,2,3,5,1,4,3,4,,,1,,,1,1,3,1,,,,,,,2,1,15,1,,1,42.364593505859,-71.102798461914,-1,
R_1pQYOdvFYepWcrK,Default Response Set,Anonymous,,,97.87.102.203,0,2017-07-13 08:05:45,2017-07-13 08:08:23,1,158,Recidivism,,688638,1,1,,,,,,,,,,,,,,,,,,,,,,,,,,,1,5,1,1,1,4,5,5,,1,,,,,,,,,,,,,,,,,1,,,,,,,,,,,,,,1,4,3,2,1,5,5,5,,,1,,,,,,,,,,,,,,,,,,,,,,,,,,,,,1,1,7,1,,,,,,,2,1,17,1,none,1,37.337005615234,-89.591102600098,-1,
R_3nl4A76xsYIBjwU,Default Response Set,Anonymous,,,68.229.217.36,0,2017-07-13 08:06:35,2017-07-13 08:08:41,1,126,Twitter,,371697,1,1,,,,,,,,,,,,,,,,,,,,,,,,,,,,,,,,,,,,,,,,1,4,1,1,1,2,1,3,,1,,,,1,,,,,,,,,,,,,,,,,,,,,,,,,,,1,2,5,4,1,5,4,5,,1,1,,,,,,,,,,,,,,,,1,1,3,1,,,,,,,2,1,12,1,,1,35.533096313477,-97.770698547363,-1,
R_2tfkIAKTYeovEbF,Default Response Set,Anonymous,,,70.172.194.36,0,2017-07-13 08:06:49,2017-07-13 08:08:43,1,113,Recidivism,,743200,1,1,1,5,1,1,1,1,1,3,,1,,,,,,,,,,,,,,,,,,,,,,,,,,,,,,,,,,,,,,,,,,,1,1,1,5,5,1,5,3,5,,,1,,,,,,,,,,,,,,,,,,,,,,,,,,,,,,,,,,,,,,,,,,1,1,4,1,,,,,,,1,1,15,1,,1,41.769393920898,-71.467597961426,-1,
R_3QDkO4GVFKv3F4K,Default Response Set,Anonymous,,,2.82.0.13,0,2017-07-13 08:05:35,2017-07-13 08:08:50,1,194,Twitter,,349077,1,1,,,,,,,,,,,,,,,,,,,,,,,,,,,,,,,,,,,,,,,,1,1,3,1,1,1,1,1,,,1,,,1,,,,,,,,,,,,,,,,,,,,,,,,,,,,,,,,,,,,,,,,1,5,3,1,1,2,1,3,1,,,,,1,1,3,1,,,,,,,1,1,13,1,,1,41.163192749023,-7.8735046386719,-1,
R_bf8JhmRfO9ZwI3T,Default Response Set,Anonymous,,,121.200.55.179,0,2017-07-13 08:05:13,2017-07-13 08:08:58,1,224,Recidivism,,173543,1,1,,,,,,,,,,,,,,,,,,,,,,,,,,,,,,,,,,,,,,,,1,4,2,2,1,2,2,2,,,1,,,1,,,,,,,,,,,,,,1,3,3,2,1,3,2,3,,,1,,,,,,,,,,,,,,,,,,,,,,,,,,,,,1,1,4,,,,1,,,,1,1,16,1,no comments,1,10.992492675781,76.961395263672,-1,
R_42vOSAPMJLJxzrj,Default Response Set,Anonymous,,,103.66.79.79,0,2017-07-13 08:06:46,2017-07-13 08:09:11,1,145,Recidivism,,776963,1,1,,,,,,,,,,,,,,,,,,,,,,,,,,,1,2,3,1,1,1,2,4,,1,,,,,,,,,,,,,,,,,1,,,,,,,,,,,,,,,,,,,,,,,,,,,,,,,,,,,,,,,,1,3,3,2,1,1,3,1,,,1,,,1,1,3,1,,,,,,,1,1,16,1,No,1,11.100006103516,77.350006103516,-1,
R_2UabO7H49286bek,Default Response Set,Anonymous,,,70.92.99.167,0,2017-07-13 08:05:37,2017-07-13 08:09:17,1,219,Recidivism,,324384,1,1,,,,,,,,,,,,,,1,2,4,4,1,4,4,5,,,1,,,,,,,,,,,,,,,,,,,,,,,,,,,,,1,,,,,,,,,,,,,,,,,,,,,,,,,,,1,3,3,2,1,3,3,3,,,1,,,,,,,,,,,,,,,,1,1,6,1,,,,,,,2,1,13,1,,1,37.824905395508,-87.533401489258,-1,
R_3gLt0veV223ALAZ,Default Response Set,Anonymous,,,117.198.58.228,0,2017-07-13 08:06:50,2017-07-13 08:09:17,1,146,Twitter,,547177,1,1,,,,,,,,,,,,,,,,,,,,,,,,,,,1,4,3,2,1,2,1,2,,1,,,,,,,,,,,,,,,,,1,,,,,,,,,,,,,,1,3,3,2,1,3,3,3,,,1,,,,,,,,,,,,,,,,,,,,,,,,,,,,,1,1,2,,,,1,,,,1,2,16,1,,1,26.183303833008,91.733306884766,-1,
R_cHXYecnJXe4P9Bf,Default Response Set,Anonymous,,,98.242.255.44,0,2017-07-13 08:08:06,2017-07-13 08:09:21,1,74,Twitter,,125310,1,1,,,,,,,,,,,,,,1,2,2,3,1,2,2,3,,1,,,,,,,,,,,,,,,,,,,,,,,,,,,,,,1,1,1,5,5,1,5,5,5,1,,1,,,,,,,,,,,,,,,,,,,,,,,,,,,,,,,,,,,,,,,,,,1,1,3,1,,,,,,,1,1,14,1,,1,25.982498168945,-80.343399047852,-1,
R_2VJazb9rdpgxAOZ,Default Response Set,Anonymous,,,103.231.216.10,0,2017-07-13 08:06:03,2017-07-13 08:09:55,1,232,Recidivism,,977608,1,1,,,,,,,,,,,,,,,,,,,,,,,,,,,,,,,,,,,,,,,,1,4,1,2,1,1,1,1,,,1,,,1,,,,,,,,,,,,,,1,3,3,3,1,4,2,4,,,1,,,,,,,,,,,,,,,,,,,,,,,,,,,,,1,1,3,,,,1,,,,1,1,16,1,,1,10.666702270508,79.433288574219,-1,
R_2SAAWSU4GWSITi9,Default Response Set,Anonymous,,,24.178.42.105,0,2017-07-13 08:08:04,2017-07-13 08:10:07,1,123,Twitter,,879495,1,1,,,,,,,,,,,,,,,,,,,,,,,,,,,,,,,,,,,,,,,,1,4,1,1,1,1,1,1,,1,,,,1,,,,,,,,,,,,,,,,,,,,,,,,,,,1,4,3,4,1,2,2,2,1,,1,,,,,,,,,,,,,,,,1,1,3,1,,,,,,,2,1,15,1,,1,43.133102416992,-89.349098205566,-1,
R_3EYcJXTMshP8jrS,Default Response Set,Anonymous,,,171.49.183.52,0,2017-07-13 08:05:21,2017-07-13 08:10:08,1,287,Twitter,,226190,1,1,1,4,4,1,1,2,1,2,1,,,,,,,,,,,,,,,,,,,,,,,,,,,,,,,,,,,,,,,,,,,,1,,,,,,,,,,,,,,1,4,2,1,1,2,1,2,1,,,,,,,,,,,,,,,,,,,,,,,,,,,,,,,1,1,3,,,,1,,,,2,1,15,1,THIS IS SURVEY VERY NICE,1,13.083297729492,80.283294677734,-1,
R_1WXaqEA5maGxQpr,Default Response Set,Anonymous,,,198.36.61.201,0,2017-07-13 08:05:33,2017-07-13 08:10:09,1,275,Twitter,,263085,1,1,,,,,,,,,,,,,,,,,,,,,,,,,,,1,5,1,1,1,1,1,3,,,,1,"In this case, its obvious what word caused teh flag so I would need no more explanation.",,,,,,,,,,,,,,1,1,4,3,4,1,5,5,5,,1,,,,,,,,,,,,,,,,,,,,,,,,,,,,,,,,,,,,,,,,,,,1,1,4,1,,,,,,,2,1,13,1,"Clear and concise, thank you!",1,26.098907470703,-97.643203735352,-1,
R_eEsprIX8644XV8l,Default Response Set,Anonymous,,,174.69.210.248,0,2017-07-13 08:05:55,2017-07-13 08:10:13,1,257,Twitter,,340551,1,1,,,,,,,,,,,,,,1,5,2,1,1,3,2,3,1,,,,,,,,,,,,,,,,,,,,,,,,,,,,,,,1,,,,,,,,,,,,,,,,,,,,,,,,,,,,,,,,,,,,,,,,1,3,3,3,1,3,3,3,,,1,,,1,1,3,1,,,,,,,1,1,15,1,"I feel like in the second algorithm, the likelihood of future crime,  I think I would need way more evidence that it accurately assesses individuals compared to the Twitter algorithm.",1,30.285293579102,-91.798698425293,-1,
R_3PZ9j4SFKR6HS3b,Default Response Set,Anonymous,,,73.211.168.236,0,2017-07-13 08:08:23,2017-07-13 08:10:26,1,123,Recidivism,,212619,1,1,1,3,3,3,1,4,4,4,,,1,,,,,,,,,,,,,,,,,,,,,,,,,,,,,,,,,,,,,,,,,,1,1,2,3,4,1,4,4,4,,,1,,,,,,,,,,,,,,,,,,,,,,,,,,,,,,,,,,,,,,,,,,1,1,5,1,,,,,,,1,1,15,1,none thank you,1,42.266693115234,-88.050796508789,-1,
R_2tLJYLrPRQ7efW9,Default Response Set,Anonymous,,,148.74.16.168,0,2017-07-13 08:08:14,2017-07-13 08:10:29,1,135,Recidivism,,680870,1,1,,,,,,,,,,,,,,,,,,,,,,,,,,,1,3,3,3,1,2,2,2,1,,,,,,,,,,,,,,,,,,1,,,,,,,,,,,,,,,,,,,,,,,,,,,1,1,4,5,1,4,3,4,,1,1,,,,,,,,,,,,,,,,1,1,3,1,,,,,,,1,1,15,1,,1,41.039306640625,-73.810096740723,-1,
R_28Yv4Vp8hqzEU4A,Default Response Set,Anonymous,,,171.49.183.52,0,2017-07-13 08:05:25,2017-07-13 08:11:15,1,349,Twitter,,484786,1,1,,,,,,,,,,,,,,1,4,2,2,1,1,2,1,1,1,,,,,,,,,,,,,,,,,,,,,,,,,,,,,,1,,,,,,,,,,,,,,,,,,,,,,,,,,,1,4,2,2,1,2,2,1,,1,,,,,,,,,,,,,,,,,1,1,3,,,,1,,,,1,1,15,1,yes i have like and share,1,13.083297729492,80.283294677734,-1,
R_3nwpQLlP0HQYZPT,Default Response Set,Anonymous,,,171.49.183.52,0,2017-07-13 08:08:32,2017-07-13 08:11:22,1,169,Twitter,,208849,1,1,1,2,2,1,1,2,1,1,1,,,,,,,,,,,,,,,,,,,,,,,,,,,,,,,,,,,,,,,,,,,,1,1,2,2,1,1,2,1,2,1,,,,,,,,,,,,,,,,,,,,,,,,,,,,,,,,,,,,,,,,,,,,1,1,3,,,,1,,,,1,1,15,1,,1,13.083297729492,80.283294677734,-1,
R_1QAhIF0PkJ2VEhM,Default Response Set,Anonymous,,,136.33.51.78,0,2017-07-13 08:09:31,2017-07-13 08:11:24,1,112,Twitter,,369216,1,1,,,,,,,,,,,,,,1,5,2,1,1,2,1,1,1,1,,,,,,,,,,,,,,,,,,,,,,,,,,,,,,1,,,,,,,,,,,,,,1,2,3,2,1,3,2,2,,1,,,,,,,,,,,,,,,,,,,,,,,,,,,,,,1,1,3,1,,,,,,,1,1,15,1,,1,39.014205932617,-94.595100402832,-1,
R_2S1EkCEET1yWTNW,Default Response Set,Anonymous,,,171.49.183.52,0,2017-07-13 08:06:54,2017-07-13 08:11:28,1,273,Recidivism,,549496,1,1,,,,,,,,,,,,,,1,1,2,1,1,1,2,1,1,,,,,,,,,,,,,,,,,,,,,,,,,,,,,,,1,,,,,,,,,,,,,,1,1,1,2,1,1,2,1,,1,,,,,,,,,,,,,,,,,,,,,,,,,,,,,,1,1,2,,,,1,,,,2,1,15,1,NO,1,13.083297729492,80.283294677734,-1,
R_1ikR6nkNzrPENiK,Default Response Set,Anonymous,,,137.97.11.189,0,2017-07-13 08:09:54,2017-07-13 08:12:33,1,159,Recidivism,,237219,1,1,,,,,,,,,,,,,,,,,,,,,,,,,,,1,3,2,1,1,2,2,2,1,1,,,,,,,,,,,,,,,,,1,1,1,5,5,1,5,3,5,,1,1,,,,,,,,,,,,,,,,,,,,,,,,,,,,,,,,,,,,,,,,,,1,1,5,,,,1,,,,2,1,15,1,,1,9.9667053222656,76.233306884766,-1,
R_WoFI8rUYSMTm1oZ,Default Response Set,Anonymous,,,96.248.90.20,0,2017-07-13 08:08:52,2017-07-13 08:12:47,1,234,Recidivism,,271469,1,1,,,,,,,,,,,,,,,,,,,,,,,,,,,,,,,,,,,,,,,,1,2,1,2,1,3,1,2,,1,,,,1,,,,,,,,,,,,,,,,,,,,,,,,,,,,,,,,,,,,,,,,1,3,3,3,1,4,2,4,,,1,,,1,1,3,1,,,,,,,1,1,16,1,,1,40.283004760742,-74.621696472168,-1,
R_1i3ziMQmaBdojcH,Default Response Set,Anonymous,,,103.77.0.230,0,2017-07-13 08:05:29,2017-07-13 08:13:28,1,479,Recidivism,,634333,1,1,,,,,,,,,,,,,,1,4,1,1,1,2,1,1,,,1,,,,,,,,,,,,,,,,,,,,,,,,,,,,,1,,,,,,,,,,,,,,,,,,,,,,,,,,,1,3,2,2,1,4,2,4,1,1,1,1,"Details about past cases, how the alogrithms fared with numbers and figures.",,,,,,,,,,,,,,1,1,5,,,,1,,,,2,1,16,1,It was an easy and interesting survey,1,28.570007324219,77.320007324219,-1,
R_1jlcfNL33vDQWml,Default Response Set,Anonymous,,,98.204.21.136,0,2017-07-13 08:12:16,2017-07-13 08:13:49,1,93,Twitter,,492482,1,1,,,,,,,,,,,,,,1,5,1,1,1,2,1,3,,,1,,,,,,,,,,,,,,,,,,,,,,,,,,,,,1,,,,,,,,,,,,,,1,2,4,2,1,4,2,3,,,1,,,,,,,,,,,,,,,,,,,,,,,,,,,,,1,1,3,1,,,,,,,2,1,15,1,thank you,1,39.482192993164,-77.45760345459,-1,
R_3qJSOt4Sxx8ECZS,Default Response Set,Anonymous,,,68.35.27.130,0,2017-07-13 08:11:08,2017-07-13 08:14:08,1,180,Twitter,,632421,1,1,,,,,,,,,,,,,,,,,,,,,,,,,,,1,1,5,3,1,5,5,5,1,1,1,,,,,,,,,,,,,,,,1,,,,,,,,,,,,,,,,,,,,,,,,,,,1,2,4,4,1,4,3,5,1,1,1,,,,,,,,,,,,,,,,1,1,4,,1,,,,,,1,1,15,1,no,1,34.562194824219,-86.515602111816,-1,
R_30dUQM6KyiDzEKR,Default Response Set,Anonymous,,,72.185.198.249,0,2017-07-13 08:13:29,2017-07-13 08:14:22,1,52,Twitter,,875568,1,1,,,,,,,,,,,,,,,,,,,,,,,,,,,,,,,,,,,,,,,,1,3,3,2,1,2,2,2,,1,,,,1,1,2,3,2,1,2,3,2,,1,,,,,,,,,,,,,,,,,,,,,,,,,,,,,,,,,,,,,,,,,,,1,1,3,1,,,,,,,1,1,12,1,,1,27.75309753418,-82.722396850586,-1,
R_214d36px3GsY7lk,Default Response Set,Anonymous,,,68.105.239.33,0,2017-07-13 08:07:36,2017-07-13 08:14:21,1,404,Recidivism,,652484,1,1,1,3,3,2,1,3,3,3,,1,1,,,,,,,,,,,,,,,,,,,,,,,,,,,,,,,,,,,,,,,,,,1,,,,,,,,,,,,,,,,,,,,,,,,,,,1,3,4,2,1,3,3,2,,1,,,,,,,,,,,,,,,,,1,1,2,1,1,,,,,,2,1,13,1,,1,37.062698364258,-76.405197143555,-1,
R_21iEEKPAwhwD4bL,Default Response Set,Anonymous,,,171.49.183.52,0,2017-07-13 08:12:43,2017-07-13 08:15:02,1,138,Recidivism,,419364,1,1,,,,,,,,,,,,,,,,,,,,,,,,,,,,,,,,,,,,,,,,1,2,1,2,1,2,2,1,,,1,,,1,,,,,,,,,,,,,,1,4,1,1,1,1,2,1,1,,,,,,,,,,,,,,,,,,,,,,,,,,,,,,,1,1,3,,,,1,,,,1,2,14,1,Kindly provide these type of survey with more cents. Thank you to given this opportunity.,1,13.083297729492,80.283294677734,-1,
R_SUWxodD8KgFUWJP,Default Response Set,Anonymous,,,171.49.183.52,0,2017-07-13 08:09:52,2017-07-13 08:15:02,1,310,Recidivism,,478366,1,1,,,,,,,,,,,,,,1,4,2,1,1,1,1,2,1,,,,,,,,,,,,,,,,,,,,,,,,,,,,,,,1,1,5,1,1,1,1,2,1,1,,,,,,,,,,,,,,,,,,,,,,,,,,,,,,,,,,,,,,,,,,,,1,1,3,,,,1,,,,1,1,16,1,i like this survey its good survey,1,13.083297729492,80.283294677734,-1,
R_3dWDLatYTBMnUjr,Default Response Set,Anonymous,,,122.175.182.179,0,2017-07-13 08:05:35,2017-07-13 08:15:26,1,590,Twitter,,913211,1,1,,,,,,,,,,,,,,,,,,,,,,,,,,,,,,,,,,,,,,,,1,4,2,2,1,3,2,3,1,,,,,1,,,,,,,,,,,,,,,,,,,,,,,,,,,,,,,,,,,,,,,,1,4,2,2,1,2,2,3,,1,,,,1,1,2,,,,1,,,,1,1,13,1,"No, thanks.",1,22.716705322266,75.833297729492,-1,
R_1eXBsJw1NsDkOVl,Default Response Set,Anonymous,,,157.50.15.83,0,2017-07-13 08:13:30,2017-07-13 08:15:56,1,145,Twitter,,904306,1,1,1,2,5,4,1,4,3,5,,,1,,,,,,,,,,,,,,,,,,,,,,,,,,,,,,,,,,,,,,,,,,1,,,,,,,,,,,,,,,,,,,,,,,,,,,,,,,,,,,,,,,,1,3,3,2,1,2,1,1,1,,,,,1,1,4,,,,1,,,,1,1,13,1,,1,13.083297729492,80.283294677734,-1,
R_1FboNWqORYBOnaV,Default Response Set,Anonymous,,,148.75.164.241,0,2017-07-13 08:13:44,2017-07-13 08:15:59,1,135,Recidivism,,706759,1,1,,,,,,,,,,,,,,,,,,,,,,,,,,,1,2,3,3,1,4,3,4,1,1,1,,,,,,,,,,,,,,,,1,,,,,,,,,,,,,,,,,,,,,,,,,,,,,,,,,,,,,,,,1,3,3,3,1,3,3,4,1,1,1,,,1,1,3,1,,,,,,,1,1,15,1,No,1,41.139602661133,-73.405601501465,-1,
R_2dSz0vH3qTFtNIj,Default Response Set,Anonymous,,,73.130.8.101,0,2017-07-13 08:13:55,2017-07-13 08:16:14,1,138,Recidivism,,639557,1,1,1,4,1,1,1,2,1,1,,,1,,,,,,,,,,,,,,,,,,,,,,,,,,,,,,,,,,,,,,,,,,1,,,,,,,,,,,,,,,,,,,,,,,,,,,,,,,,,,,,,,,,1,3,3,2,1,2,1,2,1,1,1,,,1,1,4,1,,,,,,,1,1,12,1,,1,40.308395385742,-76.69539642334,-1,
R_1nT6iITrMR4glcx,Default Response Set,Anonymous,,,66.30.119.146,0,2017-07-13 08:13:43,2017-07-13 08:16:54,1,191,Twitter,,697391,1,1,,,,,,,,,,,,,,,,,,,,,,,,,,,1,5,1,1,1,1,1,1,1,1,1,,,,,,,,,,,,,,,,1,,,,,,,,,,,,,,,,,,,,,,,,,,,1,3,3,2,1,1,1,1,1,1,1,,,,,,,,,,,,,,,,1,1,3,1,,,,,,,1,2,12,1,Wishing you success with your studies.,1,42.393096923828,-71.134498596191,-1,
R_3GDHytIo78fxOCv,Default Response Set,Anonymous,,,174.59.94.231,0,2017-07-13 08:14:05,2017-07-13 08:16:56,1,170,Recidivism,,201516,1,1,,,,,,,,,,,,,,,,,,,,,,,,,,,1,5,1,1,1,1,1,1,,1,,,,,,,,,,,,,,,,,1,,,,,,,,,,,,,,1,5,1,1,1,1,1,1,,1,,,,,,,,,,,,,,,,,,,,,,,,,,,,,,1,1,7,1,,,,,,,2,1,12,1,"none, thank you",1,40.550094604492,-76.397003173828,-1,
R_cA84iSyJohGw69b,Default Response Set,Anonymous,,,75.190.81.1,0,2017-07-13 08:14:14,2017-07-13 08:17:14,1,180,Recidivism,,552322,1,1,,,,,,,,,,,,,,1,5,1,3,1,4,4,4,,1,,,,,,,,,,,,,,,,,,,,,,,,,,,,,,1,,,,,,,,,,,,,,,,,,,,,,,,,,,1,2,3,3,1,3,2,3,1,1,1,,,,,,,,,,,,,,,,1,1,2,1,,,,,,,2,1,15,1,,1,35.882598876953,-80.896697998047,-1,
R_8w69pvdkwBxtaYp,Default Response Set,Anonymous,,,110.227.225.206,0,2017-07-13 08:14:03,2017-07-13 08:17:45,1,222,Twitter,,465899,1,1,,,,,,,,,,,,,,,,,,,,,,,,,,,,,,,,,,,,,,,,1,4,4,2,1,4,2,3,,,1,,,1,1,3,4,2,1,3,2,3,,,1,,,,,,,,,,,,,,,,,,,,,,,,,,,,,,,,,,,,,,,,,,1,1,3,,,,1,,,,1,1,16,1,very good task,1,13.083297729492,80.283294677734,-1,
R_2CwapLcIcrH4Ibo,Default Response Set,Anonymous,,,67.190.251.95,0,2017-07-13 08:05:58,2017-07-13 08:18:04,1,725,Twitter,,754159,1,1,,,,,,,,,,,,,,,,,,,,,,,,,,,1,5,1,1,1,1,1,1,,,1,,,,,,,,,,,,,,,,1,,,,,,,,,,,,,,,,,,,,,,,,,,,1,1,5,5,1,5,5,5,,1,,,,,,,,,,,,,,,,,1,1,5,1,,,,,,,2,1,14,1,This was interesting.  I enjoyed it.  Thank you for posting at Mturk.  ,1,30.227493286133,-81.380096435547,-1,
R_1lnPnpqM3h9mFd5,Default Response Set,Anonymous,,,173.17.164.176,0,2017-07-13 08:14:59,2017-07-13 08:18:04,1,184,Twitter,,346349,1,1,,,,,,,,,,,,,,1,4,3,2,1,3,1,2,1,1,,,,,,,,,,,,,,,,,,,,,,,,,,,,,,1,,,,,,,,,,,,,,1,2,3,3,1,3,1,3,1,1,1,,,,,,,,,,,,,,,,,,,,,,,,,,,,,1,1,3,,1,,,,,,2,2,12,1,,1,30.269393920898,-89.454803466797,-1,
R_21I0lheTNy2PWlM,Default Response Set,Anonymous,,,47.11.244.195,0,2017-07-13 08:12:07,2017-07-13 08:18:08,1,360,Twitter,,215636,1,1,,,,,,,,,,,,,,,,,,,,,,,,,,,1,2,4,3,1,3,2,4,1,,,,,,,,,,,,,,,,,,1,,,,,,,,,,,,,,1,3,3,4,1,3,2,3,,1,,,,,,,,,,,,,,,,,,,,,,,,,,,,,,1,1,3,,,,1,,,,1,1,15,1,Great,1,20.233306884766,85.833312988281,-1,
R_3iVBQ6fNbWjptAe,Default Response Set,Anonymous,,,190.45.169.96,0,2017-07-13 08:15:13,2017-07-13 08:18:18,1,185,Twitter,,605031,1,1,,,,,,,,,,,,,,1,4,2,1,1,4,3,4,,1,,,,,,,,,,,,,,,,,,,,,,,,,,,,,,1,,,,,,,,,,,,,,,,,,,,,,,,,,,,,,,,,,,,,,,,1,3,3,3,1,3,4,4,,,1,,,1,1,3,,,,,,1,,2,1,15,1,,1,-33.462493896484,-70.668197631836,-1,
R_2xVhtxs7BszRlLI,Default Response Set,Anonymous,,,32.213.48.207,0,2017-07-13 08:16:36,2017-07-13 08:18:30,1,113,Recidivism,,270879,1,1,1,3,4,2,1,3,2,3,1,,,,,,,,,,,,,,,,,,,,,,,,,,,,,,,,,,,,,,,,,,,,1,1,2,4,3,1,4,4,4,,,1,,,,,,,,,,,,,,,,,,,,,,,,,,,,,,,,,,,,,,,,,,1,1,3,1,,,,,,,1,1,15,1,,1,41.230499267578,-73.125701904297,-1,
R_1Ft87tSehlpIDEa,Default Response Set,Anonymous,,,74.105.197.225,0,2017-07-13 08:05:32,2017-07-13 08:19:23,1,831,Recidivism,,678123,1,1,,,,,,,,,,,,,,,,,,,,,,,,,,,1,2,3,3,1,4,2,2,,1,1,,,,,,,,,,,,,,,,1,,,,,,,,,,,,,,1,2,4,2,1,4,4,4,,1,,,,,,,,,,,,,,,,,,,,,,,,,,,,,,1,1,3,,,,1,,,,1,1,13,1,,1,40.787094116211,-74.3291015625,-1,
R_0NDoYBjo4sfAMWR,Default Response Set,Anonymous,,,47.247.12.98,0,2017-07-13 08:18:01,2017-07-13 08:20:27,1,145,Recidivism,,334440,1,1,,,,,,,,,,,,,,,,,,,,,,,,,,,,,,,,,,,,,,,,1,4,1,2,1,2,1,2,,,1,,,1,1,3,3,4,1,3,4,3,,,1,,,,,,,,,,,,,,,,,,,,,,,,,,,,,,,,,,,,,,,,,,1,1,2,,,,1,,,,1,1,15,1,,1,23.266693115234,77.399993896484,-1,
R_3sb6RzLC7rjI0km,Default Response Set,Anonymous,,,67.8.97.0,0,2017-07-13 08:19:59,2017-07-13 08:22:00,1,120,Twitter,,911603,1,1,1,3,3,3,1,3,3,4,,1,,,,,,,,,,,,,,,,,,,,,,,,,,,,,,,,,,,,,,,,,,,1,,,,,,,,,,,,,,,,,,,,,,,,,,,1,3,3,3,1,4,2,4,,1,,,,,,,,,,,,,,,,,1,1,4,1,,,,,,,2,2,15,1,,1,28.681198120117,-81.276298522949,-1,
R_1NkqTEWN4tX8tzG,Default Response Set,Anonymous,,,103.81.108.157,0,2017-07-13 08:18:29,2017-07-13 08:22:29,1,240,Twitter,,949587,1,1,,,,,,,,,,,,,,,,,,,,,,,,,,,1,4,2,2,1,2,2,2,,1,,,,,,,,,,,,,,,,,1,1,5,1,1,1,1,1,1,,,1,,,,,,,,,,,,,,,,,,,,,,,,,,,,,,,,,,,,,,,,,,1,1,6,,,,1,,,,2,1,13,1,,1,18.533294677734,73.86669921875,-1,
R_3MzlnkYg7RkEbRt,Default Response Set,Anonymous,,,208.64.115.10,0,2017-07-13 08:21:53,2017-07-13 08:23:52,1,118,Twitter,,465527,1,1,,,,,,,,,,,,,,,,,,,,,,,,,,,,,,,,,,,,,,,,1,2,1,2,1,4,4,4,,,1,,,1,,,,,,,,,,,,,,1,2,3,4,1,4,4,4,1,1,1,,,,,,,,,,,,,,,,,,,,,,,,,,,,,1,1,3,1,,,,,,,1,1,14,1,,1,42.489700317383,-71.15950012207,-1,
R_2QfiydRiMLnxQFy,Default Response Set,Anonymous,,,108.71.61.36,0,2017-07-13 08:22:46,2017-07-13 08:24:12,1,86,Recidivism,,584183,1,1,,,,,,,,,,,,,,1,5,1,1,1,1,1,2,1,,,,,,,,,,,,,,,,,,,,,,,,,,,,,,,1,1,2,4,2,1,4,3,4,1,1,1,,,,,,,,,,,,,,,,,,,,,,,,,,,,,,,,,,,,,,,,,,1,1,2,1,,,,,,,2,1,13,1,,1,38.960403442383,-94.576400756836,-1,
R_1LornsllUMEjORo,Default Response Set,Anonymous,,,98.214.216.54,0,2017-07-13 08:22:02,2017-07-13 08:24:42,1,160,Twitter,,278008,1,1,1,5,1,2,1,1,1,2,,1,,,,,,,,,,,,,,,,,,,,,,,,,,,,,,,,,,,,,,,,,,,1,,,,,,,,,,,,,,,,,,,,,,,,,,,,,,,,,,,,,,,,1,1,3,3,1,3,3,4,,,1,,,1,1,4,1,,,,,,,1,1,12,1,,1,39.829605102539,-88.944198608398,-1,
R_2tLyqpAd7FoNwnD,Default Response Set,Anonymous,,,75.117.194.249,0,2017-07-13 08:20:48,2017-07-13 08:25:24,1,276,Recidivism,,315661,1,1,,,,,,,,,,,,,,,,,,,,,,,,,,,1,5,1,1,1,1,1,1,1,,,,,,,,,,,,,,,,,,1,,,,,,,,,,,,,,,,,,,,,,,,,,,,,,,,,,,,,,,,1,3,3,4,1,1,1,2,1,1,,,,1,1,6,1,,,,,,,2,1,14,1,all  good     cheers,1,35.098602294922,-92.217498779297,-1,
R_2pRnzi8FkOleHx1,Default Response Set,Anonymous,,,206.217.9.166,0,2017-07-13 08:22:45,2017-07-13 08:26:26,1,220,Twitter,,276694,1,1,,,,,,,,,,,,,,,,,,,,,,,,,,,,,,,,,,,,,,,,1,5,1,1,1,1,1,1,1,,,,,1,,,,,,,,,,,,,,,,,,,,,,,,,,,1,5,1,1,1,2,1,1,,,1,,,,,,,,,,,,,,,,1,1,5,1,,,,,,,1,1,13,1,,1,41.515899658203,-108.99420166016,-1,
R_11iiVvHkRw6IMs3,Default Response Set,Anonymous,,,106.201.175.103,0,2017-07-13 08:18:40,2017-07-13 08:26:47,1,486,Twitter,,464349,1,1,1,4,2,2,1,2,2,2,,1,,,,,,,,,,,,,,,,,,,,,,,,,,,,,,,,,,,,,,,,,,,1,1,4,1,1,1,1,1,1,,,1,,,,,,,,,,,,,,,,,,,,,,,,,,,,,,,,,,,,,,,,,,1,1,5,,,,1,,,,1,1,16,1,,1,13.083297729492,80.283294677734,-1,
R_55SPyMGddpkSqUF,Default Response Set,Anonymous,,,73.182.224.118,0,2017-07-13 08:25:23,2017-07-13 08:27:15,1,112,Twitter,,315052,1,1,,,,,,,,,,,,,,,,,,,,,,,,,,,1,5,2,1,1,1,2,2,,,1,,,,,,,,,,,,,,,,1,,,,,,,,,,,,,,,,,,,,,,,,,,,1,1,5,5,1,5,5,5,1,,,,,,,,,,,,,,,,,,1,1,3,,1,,,,,,1,5,15,1,,1,41.30940246582,-72.924003601074,-1,
R_31yqNlR5fGiOwqk,Default Response Set,Anonymous,,,70.199.144.89,0,2017-07-13 08:25:54,2017-07-13 08:27:26,1,91,Recidivism,,346256,1,1,,,,,,,,,,,,,,,,,,,,,,,,,,,,,,,,,,,,,,,,1,4,2,2,1,2,1,1,1,,,,,1,,,,,,,,,,,,,,,,,,,,,,,,,,,,,,,,,,,,,,,,1,3,3,2,1,3,2,2,,,1,,,1,1,3,,,,,,1,,3,1,13,1,,1,47.322296142578,-122.31259918213,-1,
R_2V2XJk1hEZxDuUZ,Default Response Set,Anonymous,,,174.101.154.38,0,2017-07-13 08:22:04,2017-07-13 08:27:37,1,332,Recidivism,,738455,1,1,1,5,1,1,1,1,1,2,,,1,,,,,,,,,,,,,,,,,,,,,,,,,,,,,,,,,,,,,,,,,,1,,,,,,,,,,,,,,,,,,,,,,,,,,,1,3,4,2,1,4,2,3,1,,1,,,,,,,,,,,,,,,,1,1,4,1,,,,,,,2,1,15,1,,1,39.136505126953,-84.432502746582,-1,
R_3HBmKJxZGHFwcaV,Default Response Set,Anonymous,,,68.191.158.84,0,2017-07-13 08:27:20,2017-07-13 08:28:04,1,43,Twitter,,783520,1,1,1,3,3,3,1,2,3,2,,1,,,,,,,,,,,,,,,,,,,,,,,,,,,,,,,,,,,,,,,,,,,1,,,,,,,,,,,,,,1,2,3,2,1,2,3,4,,1,,,,,,,,,,,,,,,,,,,,,,,,,,,,,,1,1,3,1,,,,,,,1,2,13,1,none,1,45.184494018555,-93.839698791504,-1,
R_1eLxoWR98ewbhsK,Default Response Set,Anonymous,,,50.24.98.165,0,2017-07-13 08:26:24,2017-07-13 08:28:10,1,105,Twitter,,435783,1,1,,,,,,,,,,,,,,1,5,1,1,1,1,1,1,,1,,,,,,,,,,,,,,,,,,,,,,,,,,,,,,1,,,,,,,,,,,,,,,,,,,,,,,,,,,,,,,,,,,,,,,,1,5,1,1,1,1,1,1,,1,,,,1,1,3,,,,1,,,,1,1,15,1,N/A,1,30.567001342773,-96.283699035645,-1,
R_a9l1e7QzIg1LuEh,Default Response Set,Anonymous,,,98.220.172.133,0,2017-07-13 08:27:15,2017-07-13 08:29:19,1,124,Twitter,,511430,1,1,,,,,,,,,,,,,,1,4,2,1,1,4,3,4,1,1,1,,,,,,,,,,,,,,,,,,,,,,,,,,,,,1,1,2,4,3,1,4,4,4,1,1,1,,,,,,,,,,,,,,,,,,,,,,,,,,,,,,,,,,,,,,,,,,1,1,3,1,,,,,,,1,1,12,1,Ty,1,41.548004150391,-87.456398010254,-1,
R_31mDCevWCm3xbN2,Default Response Set,Anonymous,,,68.196.51.26,0,2017-07-13 08:19:32,2017-07-13 08:30:20,1,648,Recidivism,,705073,1,1,,,,,,,,,,,,,,1,5,1,1,1,1,1,1,1,,1,,,,,,,,,,,,,,,,,,,,,,,,,,,,,1,,,,,,,,,,,,,,1,1,5,5,1,5,5,5,,,1,,,,,,,,,,,,,,,,,,,,,,,,,,,,,1,1,3,,,,,,1,,1,1,12,1,,1,41.011199951172,-74.208099365234,-1,
R_p6Ei5NgyxaLKPND,Default Response Set,Anonymous,,,157.50.9.101,0,2017-07-13 08:11:14,2017-07-13 08:30:30,1,1156,Recidivism,,302329,1,1,,,,,,,,,,,,,,,,,,,,,,,,,,,,,,,,,,,,,,,,1,4,2,2,1,2,2,3,,1,,,,1,,,,,,,,,,,,,,,,,,,,,,,,,,,1,3,3,2,1,3,2,3,1,,,,,,,,,,,,,,,,,,1,1,3,,,,1,,,,1,1,15,1,Good one,1,13.083297729492,80.283294677734,-1,
R_2B2mnqTn831pgvB,Default Response Set,Anonymous,,,69.117.181.144,0,2017-07-13 08:29:33,2017-07-13 08:31:03,1,89,Recidivism,,142809,1,1,,,,,,,,,,,,,,,,,,,,,,,,,,,1,2,3,5,1,3,3,5,,1,,,,,,,,,,,,,,,,,1,,,,,,,,,,,,,,,,,,,,,,,,,,,,,,,,,,,,,,,,1,1,4,4,1,4,1,1,,1,,,,1,1,3,,1,,,,,,1,1,16,1,,1,40.610000610352,-73.910797119141,-1,
R_1pRoESS73O4AVWT,Default Response Set,Anonymous,,,68.57.5.46,0,2017-07-13 08:38:34,2017-07-13 08:41:29,1,175,Twitter,,281522,1,1,,,,,,,,,,,,,,,,,,,,,,,,,,,1,3,3,3,1,4,2,3,,1,,,,,,,,,,,,,,,,,1,1,3,2,4,1,4,4,4,,1,,,,,,,,,,,,,,,,,,,,,,,,,,,,,,,,,,,,,,,,,,,1,1,3,1,,,,,,,1,5,12,1,,1,35.423904418945,-84.668098449707,-1,
R_Zyl3vmiNCkBFN4d,Default Response Set,Anonymous,,,157.50.8.33,0,2017-07-13 08:35:45,2017-07-13 08:44:39,1,533,Recidivism,,741112,1,1,1,4,2,1,1,3,2,2,,1,,,,,,,,,,,,,,,,,,,,,,,,,,,,,,,,,,,,,,,,,,,1,,,,,,,,,,,,,,1,3,2,2,1,2,2,3,,,1,,,,,,,,,,,,,,,,,,,,,,,,,,,,,1,1,3,,,,1,,,,1,1,16,1,,1,13.083297729492,80.283294677734,-1,
R_3m4y24yl7tPPVXz,Default Response Set,Anonymous,,,157.50.12.53,0,2017-07-13 08:40:10,2017-07-13 08:44:46,1,276,Twitter,,997803,1,1,,,,,,,,,,,,,,,,,,,,,,,,,,,,,,,,,,,,,,,,1,4,2,2,1,2,2,2,1,,1,,,1,,,,,,,,,,,,,,,,,,,,,,,,,,,1,2,2,3,1,2,2,2,1,,,,,,,,,,,,,,,,,,1,1,3,,,,1,,,,1,1,15,1,nice study.. but need to improve content ,1,13.083297729492,80.283294677734,-1,
R_2aOKnbkQuR1vKq9,Default Response Set,Anonymous,,,68.100.174.128,0,2017-07-12 16:18:47,2017-07-12 16:19:11,0,24,Recidivism,,320100,1,1,1,3,2,2,1,2,2,2,,1,,,,,,,,,,,,,,,,,,,,,,,,,,,,,,,,,,,,,,,,,,,1,,,,,,,,,,,,,,,,,,,,,,,,,,,,,,,,,,,,,,,,1,3,2,2,1,2,2,2,,1,,,,1,1,3,,,,,,,,2,2,12,,,,,,-1,
R_1hGYpGzSPYxhIeF,Default Response Set,Anonymous,,,61.2.38.213,0,2017-07-13 08:05:46,2017-07-13 08:06:59,0,72,Recidivism,,,1,,,,,,,,,,,,,,,,,,,,,,,,,,,,,,,,,,,,,,,,,,,,,,,,,,,,,,1,,,,,,,,,,,,,,,,,,,,,,,,,,,,,,,,,,,,,,,,,,,,,,,,,,,,,,,,,,,,,,,,,,,,,,,-1,
R_eL5VPfltTeQxth7,Default Response Set,Anonymous,,,160.202.49.253,0,2017-07-13 08:06:19,2017-07-13 08:06:43,0,24,Recidivism,,,1,,,,,,,,,,,,,,,,,,,,,,,,,,,,,,,,,,,,,,,,,,,,,,,,,,,,,,,,,,,,,,,,,,,,,,,,,,,,,,,,,,,,,,,,,,,,,,,,,,,,,,,,,,,,,,,,,,,,,,,,,,,,,-1,
R_23UDG3YWR1DLeJG,Default Response Set,Anonymous,,,90.28.59.109,0,2017-07-13 08:05:19,2017-07-13 08:05:54,0,35,Recidivism,,,1,,,,,,,,,,,,,,,,,,,,,,,,,,,,,,,,,,,,,,,,,,,,,,,,,,,,,,1,,,,,,,,,,,,,,,,,,,,,,,,,,,,,,,,,,,,,,,,,,,,,,,,,,,,,,,,,,,,,,,,,,,,,,,-1,
R_3EEESbpCUj5FEZN,Default Response Set,Anonymous,,,171.49.183.52,0,2017-07-13 08:06:56,2017-07-13 08:10:29,0,213,Twitter,,501025,1,1,1,4,1,1,1,1,1,2,,1,,,,,,,,,,,,,,,,,,,,,,,,,,,,,,,,,,,,,,,,,,,1,,,,,,,,,,,,,,,,,,,,,,,,,,,,,,,,,,,,,,,,1,2,2,1,1,1,1,1,1,,,,,1,1,3,,,,1,,,,1,2,16,,,,,,-1,
R_Rxc1BhQAi5YOuZ3,Default Response Set,Anonymous,,,74.51.168.19,0,2017-07-13 08:09:59,2017-07-13 08:13:14,0,195,Recidivism,,196315,1,1,1,5,1,1,1,4,3,3,,1,,,,,,,,,,,,,,,,,,,,,,,,,,,,,,,,,,,,,,,,,,,1,,,,,,,,,,,,,,,,,,,,,,,,,,,1,1,4,3,1,3,2,4,,1,,,,,,,,,,,,,,,,,1,1,5,1,,,,,,,2,2,15,,,,,,-1,
R_28BBrcmb3OtMHKm,Default Response Set,Anonymous,,,76.202.82.188,0,2017-07-13 08:05:55,2017-07-13 08:16:29,0,634,Twitter,,374607,1,1,1,1,5,5,1,5,3,5,,,1,,,,,,,,,,,,,,,,,,,,,,,,,,,,,,,,,,,,,,,,,,1,1,3,4,4,1,3,2,4,,1,,,,,,,,,,,,,,,,,,,,,,,,,,,,,,,,,,,,,,,,,,,1,1,2,1,1,1,,,1,,2,1,13,,,,,,-1,
R_RxxPpCuYxoUWftv,Default Response Set,Anonymous,,,68.196.51.26,0,2017-07-13 08:05:26,2017-07-13 08:19:29,0,842,Recidivism,,,1,1,,,,,,,,,,,,,,,,,,,,,,,,,,,,,,,,,,,,,,,,,,,,,,,,,,,,,1,,,,,,,,,,,,,,,,,,,,,,,,,,,,,,,,,,,,,,,,1,4,1,1,1,3,2,3,,,1,,,1,,,,,,,,,,,,,,,,,,-1,
R_D0hW63LKtwQyQJH,Default Response Set,Anonymous,,,45.116.233.31,0,2017-07-13 08:12:13,2017-07-13 08:23:10,0,657,Recidivism,,,1,,,,,,,,,,,,,,,,,,,,,,,,,,,,,,,,,,,,,,,,,,,,,,,,,,,,,,1,,,,,,,,,,,,,,,,,,,,,,,,,,,,,,,,,,,,,,,,,,,,,,,,,,,,,,,,,,,,,,,,,,,,,,,-1,
R_1py6yRLloTE5j6I,Default Response Set,Anonymous,,,157.50.8.33,0,2017-07-13 08:38:42,2017-07-13 09:39:29,0,3647,Recidivism,,,1,,,,,,,,,,,,,,,,,,,,,,,,,,,,,,,,,,,,,,,,,,,,,,,,,,,,,,,,,,,,,,,,,,,,,,,,,,,,,,,,,,,,,,,,,,,,,,,,,,,,,,,,,,,,,,,,,,,,,,,,,,,,,-1,
